exponent,exponent_CI_95_low,exponent_CI_95_high
-0.720085177706924,-0.937772478363152,-0.502397877050697
-0.211833552993941,-0.514171211495803,0.090504105507922
