predictions,real,nutrient_type,cm_type,useless_type
1.34119104097183,1.36,6,0,0
1.41250220651646,1.67,5,0,0
1.7413772311118,1.7,4,0,0
2.33347616322131,2.32,3,0,0
3.38416025772242,3.33,2,0,0
7.60640258577313,6.6,1,0,0
6.23647340294412,8.70320312500001,7,0,0
4.59357471091476,3.6348671875,8,0,0
2.46357534551225,2.66215625,9,0,0
1.66637687665045,1.56145703125,10,0,0
1.27964422561351,1.15189453125,11,0,0
