exponent,exponent_CI_95_low,exponent_CI_95_high
-1.1450474032855,-1.26733358496649,-1.02276122160451
0.710056952324578,0.607234891191446,0.812879013457709
