exponent,exponent_CI_95_low,exponent_CI_95_high
-0.832440369836434,-0.925312277348829,-0.739568462324039
0.699383947175376,0.602940199078783,0.795827695271969
