growth_rate_per_hr,real,prediction,nutrient_type,cm_type,useless_type
0.42,1.36,1.36574105071901,6,0,0
0.47,1.67,1.42631051301939,5,0,0
0.7,1.7,1.75062625765644,4,0,0
0.98,2.32,2.29958703637943,3,0,0
1.29,3.33,3.27585201706003,2,0,0
1.83,6.6,7.97620285002625,1,0,0
1.71,8.70320312500001,6.23294600011004,7,0,0
1.51,3.6348671875,4.44172126130864,8,0,0
1.03,2.66215625,2.42393128651986,9,0,0
0.65,1.56145703125,1.67259878754546,10,0,0
0.36,1.15189453125,1.29664613094746,11,0,0
