predictions,real,nutrient_type,cm_type,useless_type
1.34105933552122,1.36,6,0,0
1.41282718840223,1.67,5,0,0
1.74190116020778,1.7,4,0,0
2.33339322525062,2.32,3,0,0
3.38297455039638,3.33,2,0,0
7.60867651706493,6.6,1,0,0
6.23659211447547,8.70320312500001,7,0,0
4.59239142622577,3.6348671875,8,0,0
2.46323897035951,2.66215625,9,0,0
1.66704845571166,1.56145703125,10,0,0
1.27916650446166,1.15189453125,11,0,0
