exponent,exponent_CI_95_low,exponent_CI_95_high
0.999739479403575,0.643650408959896,1.35582854984725
