predictions,real,nutrient_type,cm_type,useless_type
1.34185596563785,1.36,6,0,0
1.41180638361293,1.67,5,0,0
1.77105483720556,1.7,4,0,0
2.34866425661561,2.32,3,0,0
3.33408140746785,3.33,2,0,0
7.80206630422413,6.6,1,0,0
6.17891827953852,8.70320312500001,7,0,0
4.47389788209336,3.6348671875,8,0,0
2.47651520663247,2.66215625,9,0,0
1.68636806995291,1.56145703125,10,0,0
1.26012231847907,1.15189453125,11,0,0
