growth_rate_per_hr,real,prediction,nutrient_type,cm_type,useless_type
0.42,1.36,1.34185596563785,6,0,0
0.47,1.67,1.41180638361293,5,0,0
0.7,1.7,1.77105483720556,4,0,0
0.98,2.32,2.34866425661561,3,0,0
1.29,3.33,3.33408140746785,2,0,0
1.83,6.6,7.80206630422413,1,0,0
1.71,8.70320312500001,6.17891827953852,7,0,0
1.51,3.6348671875,4.47389788209336,8,0,0
1.03,2.66215625,2.47651520663247,9,0,0
0.65,1.56145703125,1.68636806995291,10,0,0
0.36,1.15189453125,1.26012231847907,11,0,0
