exponent,exponent_CI_95_low,exponent_CI_95_high
-0.787190697317097,-0.872705922774842,-0.701675471859351
0.710664215991213,0.622859045922463,0.798469386059962
