growth_rate_per_hr,real,prediction,nutrient_type,cm_type,useless_type
0.42,1.36,1.3419890603797,6,0,0
0.47,1.67,1.41150997473371,5,0,0
0.7,1.7,1.76989543214215,4,0,0
0.98,2.32,2.34837723694523,3,0,0
1.29,3.33,3.33617637257353,2,0,0
1.83,6.6,7.79606199448538,1,0,0
1.71,8.70320312500001,6.18008967373803,7,0,0
1.51,3.6348671875,4.47741510434358,8,0,0
1.03,2.66215625,2.47652058839812,9,0,0
0.65,1.56145703125,1.68527151819375,10,0,0
0.36,1.15189453125,1.26100780036801,11,0,0
