growth_rate_per_hr,real,prediction,nutrient_type,cm_type,useless_type
0.42,1.36,1.20536475860556,6,0,0
0.47,1.67,1.34884309046329,5,0,0
0.7,1.7,2.02522419925673,4,0,0
0.98,2.32,2.88161908334163,3,0,0
1.29,3.33,3.86980337661819,2,0,0
1.83,6.6,5.68606450961599,1,0,0
1.71,8.70320312500001,5.27209232645673,7,0,0
1.51,3.6348671875,4.59526856731699,8,0,0
1.03,2.66215625,3.03830885975953,9,0,0
0.65,1.56145703125,1.87595966877892,10,0,0
0.36,1.15189453125,1.03439118721633,11,0,0
