predictions,real,nutrient_type,cm_type,useless_type
1.34182577872121,1.36,6,0,0
1.41142533298198,1.67,5,0,0
1.76967587893655,1.7,4,0,0
2.34851754475157,2.32,3,0,0
3.33714280854983,3.33,2,0,0
7.7926203882986,6.6,1,0,0
6.18042783971737,8.70320312500001,7,0,0
4.47902431151402,3.6348671875,8,0,0
2.47670960561261,2.66215625,9,0,0
1.68512551170644,1.56145703125,10,0,0
1.26100039746861,1.15189453125,11,0,0
