growth_rate_per_hr,real,prediction,nutrient_type,cm_type,useless_type
0.42,1.36,1.34182577872121,6,0,0
0.47,1.67,1.41142533298198,5,0,0
0.7,1.7,1.76967587893655,4,0,0
0.98,2.32,2.34851754475157,3,0,0
1.29,3.33,3.33714280854983,2,0,0
1.83,6.6,7.7926203882986,1,0,0
1.71,8.70320312500001,6.18042783971737,7,0,0
1.51,3.6348671875,4.47902431151402,8,0,0
1.03,2.66215625,2.47670960561261,9,0,0
0.65,1.56145703125,1.68512551170644,10,0,0
0.36,1.15189453125,1.26100039746861,11,0,0
