exponent,exponent_CI_95_low,exponent_CI_95_high
-1.03208527516114,-1.22662226184526,-0.837548288477019
