exponent,exponent_CI_95_low,exponent_CI_95_high
-1.34231937116582,-1.60144960718621,-1.08318913514543
