predictions,real,nutrient_type,cm_type,useless_type
1.3418163761564,1.36,6,0,0
1.41187691885328,1.67,5,0,0
1.7713533471358,1.7,4,0,0
2.34875777514106,2.32,3,0,0
3.33358560815551,3.33,2,0,0
7.80343871094706,6.6,1,0,0
6.17858182022522,8.70320312500001,7,0,0
4.47303218946068,3.6348671875,8,0,0
2.4765374720613,2.66215625,9,0,0
1.68664831033776,1.56145703125,10,0,0
1.25989153194557,1.15189453125,11,0,0
