exponent,exponent_CI_95_low,exponent_CI_95_high
0.0927016828054831,-0.12722410940092,0.312627475011886
