growth_rate_per_hr,real,prediction,nutrient_type,cm_type,useless_type
0.42,1.36,1.20263785233429,6,0,0
0.47,1.67,1.34788355495857,5,0,0
0.7,1.7,2.03204179688871,4,0,0
0.98,2.32,2.89389130427759,3,0,0
1.29,3.33,3.87902526465725,2,0,0
1.83,6.6,5.65422484040747,1,0,0
1.71,8.70320312500001,5.25423940047063,7,0,0
1.51,3.6348671875,4.59414585309512,8,0,0
1.03,2.66215625,3.05086587071067,9,0,0
0.65,1.56145703125,1.88121960219228,10,0,0
0.36,1.15189453125,1.02955462612261,11,0,0
