predictions,real,nutrient_type,cm_type,useless_type
1.34168921224795,1.36,6,0,0
1.4121208914205,1.67,5,0,0
1.77235369768538,1.7,4,0,0
2.34903281734714,2.32,3,0,0
3.33184021391124,3.33,2,0,0
7.8084378486189,6.6,1,0,0
6.17754788144576,8.70320312500001,7,0,0
4.47006063337588,3.6348671875,8,0,0
2.47656581438968,2.66215625,9,0,0
1.68759102381149,1.56145703125,10,0,0
1.25911730643591,1.15189453125,11,0,0
