growth_rate_per_hr,real,prediction,nutrient_type,cm_type,useless_type
0.42,1.36,1.34168921224795,6,0,0
0.47,1.67,1.4121208914205,5,0,0
0.7,1.7,1.77235369768538,4,0,0
0.98,2.32,2.34903281734714,3,0,0
1.29,3.33,3.33184021391124,2,0,0
1.83,6.6,7.8084378486189,1,0,0
1.71,8.70320312500001,6.17754788144576,7,0,0
1.51,3.6348671875,4.47006063337588,8,0,0
1.03,2.66215625,2.47656581438968,9,0,0
0.65,1.56145703125,1.68759102381149,10,0,0
0.36,1.15189453125,1.25911730643591,11,0,0
