growth_rate_per_hr,real,prediction,nutrient_type,cm_type,useless_type
0.42,1.36,1.33992858356763,6,0,0
0.47,1.67,1.4166319779945,5,0,0
0.7,1.7,1.74718370031721,4,0,0
0.98,2.32,2.33134780931537,3,0,0
1.29,3.33,3.36869117045855,2,0,0
1.83,6.6,7.63907498354118,1,0,0
1.71,8.70320312500001,6.24020813800753,7,0,0
1.51,3.6348671875,4.57912205458844,8,0,0
1.03,2.66215625,2.45830531607401,9,0,0
0.65,1.56145703125,1.67414065093194,10,0,0
0.36,1.15189453125,1.2744683564035,11,0,0
