exponent,exponent_CI_95_low,exponent_CI_95_high
-0.603561648459141,-0.806403851934629,-0.400719444983653
