exponent,exponent_CI_95_low,exponent_CI_95_high
1.67547130053985,1.37792874218209,1.97301385889762
0.569814421773035,0.424010019948248,0.715618823597822
