mean_birth_size,CV_birth_size,mean_div_size,CV_div_size,mean_growth_rate,CV_growth_rate
542.495445615288,0.120389837472369,1084.93570280407,0.116508740065381,0.990991296876657,0.0524028134560879
