mean_birth_size,CV_birth_size,mean_div_size,CV_div_size,mean_growth_rate,CV_growth_rate
540.219178082192,0.114971548861205,1081.33437110834,0.111004268002224,0.989962912038892,0.0531811871169513
