mean_birth_size,CV_birth_size,mean_div_size,CV_div_size,mean_growth_rate,CV_growth_rate
538.859738580868,0.11762048778077,1077.76644642344,0.113764336722653,0.975272111853851,0.052027483209178
