growth_rate_per_hr,real,prediction,nutrient_type,cm_type,useless_type
0.42,1.36,1.37255829459049,6,0,0
0.47,1.67,1.43116988542171,5,0,0
0.7,1.7,1.74705685779963,4,0,0
0.98,2.32,2.28653961128426,3,0,0
1.29,3.33,3.25600594754861,2,0,0
1.83,6.6,8.03331412020694,1,0,0
1.71,8.70320312500001,6.24448161387051,7,0,0
1.51,3.6348671875,4.42613083627042,8,0,0
1.03,2.66215625,2.40940312782414,9,0,0
0.65,1.56145703125,1.67079490279028,10,0,0
0.36,1.15189453125,1.3058204695185,11,0,0
