predictions,real,nutrient_type,cm_type,useless_type
1.34186547853442,1.36,6,0,0
1.41175913655084,1.67,5,0,0
1.77089986927553,1.7,4,0,0
2.34864317198446,2.32,3,0,0
3.33439845963874,3.33,2,0,0
7.80115562141335,6.6,1,0,0
6.17906197243238,8.70320312500001,7,0,0
4.47440440701406,3.6348671875,8,0,0
2.47653658466583,2.66215625,9,0,0
1.68621932788071,1.56145703125,10,0,0
1.26023271820505,1.15189453125,11,0,0
