growth_rate_per_hr,real,prediction,nutrient_type,cm_type,useless_type
0.42,1.36,1.34186547853442,6,0,0
0.47,1.67,1.41175913655084,5,0,0
0.7,1.7,1.77089986927553,4,0,0
0.98,2.32,2.34864317198446,3,0,0
1.29,3.33,3.33439845963874,2,0,0
1.83,6.6,7.80115562141335,1,0,0
1.71,8.70320312500001,6.17906197243238,7,0,0
1.51,3.6348671875,4.47440440701406,8,0,0
1.03,2.66215625,2.47653658466583,9,0,0
0.65,1.56145703125,1.68621932788071,10,0,0
0.36,1.15189453125,1.26023271820505,11,0,0
