predictions,real,nutrient_type,cm_type,useless_type
1.36574105071901,1.36,6,0,0
1.42631051301939,1.67,5,0,0
1.75062625765644,1.7,4,0,0
2.29958703637943,2.32,3,0,0
3.27585201706003,3.33,2,0,0
7.97620285002625,6.6,1,0,0
6.23294600011004,8.70320312500001,7,0,0
4.44172126130864,3.6348671875,8,0,0
2.42393128651986,2.66215625,9,0,0
1.67259878754546,1.56145703125,10,0,0
1.29664613094746,1.15189453125,11,0,0
