Row,fE,fR,active_R_frac,kn,kt
data_nut_cm_fX-false,0.367285877499027,0.355182562323035,0.29456653558261,0.892888819897412,0.0156782249797648
data_nut_useless_fX-false,0.784155326127206,0.188033109789273,0.0614925677247431,0.756290992152935,0
data_nut_only_fX-false,0.893301965153709,0.919676159187914,0.766360598599833,0.945884176334772,0
data_fX-false,0.395837945156463,0.0585904225585782,0.0139553881182821,0.796541361669397,0.044789542324484
