growth_rate_per_hr,real,prediction,nutrient_type,cm_type,useless_type
0.42,1.36,1.3418163761564,6,0,0
0.47,1.67,1.41187691885328,5,0,0
0.7,1.7,1.7713533471358,4,0,0
0.98,2.32,2.34875777514106,3,0,0
1.29,3.33,3.33358560815551,2,0,0
1.83,6.6,7.80343871094706,1,0,0
1.71,8.70320312500001,6.17858182022522,7,0,0
1.51,3.6348671875,4.47303218946068,8,0,0
1.03,2.66215625,2.4765374720613,9,0,0
0.65,1.56145703125,1.68664831033776,10,0,0
0.36,1.15189453125,1.25989153194557,11,0,0
