exponent,exponent_CI_95_low,exponent_CI_95_high
-1.00376794976097,-1.1313063088999,-0.876229590622044
0.466329924143679,0.309585537514578,0.623074310772779
