exponent,exponent_CI_95_low,exponent_CI_95_high
1.67547130053985,1.37792874218209,1.97301385889762
-1.10565687876682,-1.34931526877786,-0.861998488755781
