birth_size_bin_avg,growth_rate_bin_avg,growth_rate_avg
501.712962962963,0.834155967812667,0.895444376879616
507.805555555556,0.870330834858805,0.895444376879616
515.75,0.892186743463167,0.895444376879616
515.194444444444,0.917831937602356,0.895444376879616
513.648148148148,0.959375889443154,0.895444376879616
