birth_size_bin_avg,growth_rate_bin_avg,growth_rate_avg
359.387420338044,0.286008929462519,0.314724964991409
362.415461346633,0.303334320858571,0.314724964991409
364.448545303408,0.31421220381155,0.314724964991409
364.856968689388,0.32541658655099,0.314724964991409
366.611582155722,0.344630439702623,0.314724964991409
