birth_size_bin_avg,growth_rate_bin_avg,growth_rate_avg
534.903612531969,0.90906171961165,0.979251426908299
538.399065785735,0.951853280534287,0.979251426908299
540.184178743961,0.978539995965418,0.979251426908299
541.859583688548,1.00552267048925,0.979251426908299
543.206006678034,1.05126631122261,0.979251426908299
