birth_size_bin_avg,growth_rate_bin_avg,growth_rate_avg
1011.81115879828,1.66424407975884,1.76298401791602
1015.15450643777,1.72413898225821,1.76298401791602
1018.98712446352,1.76077816994528,1.76298401791602
1030.0686695279,1.79911842554762,1.76298401791602
1026.7982832618,1.86664043207014,1.76298401791602
