birth_size_bin_avg,growth_rate_bin_avg,growth_rate_avg
538.02754491018,0.920127887360843,0.991714551016481
541.350898203593,0.963617090576644,0.991714551016481
544.735329341317,0.990780466691618,0.991714551016481
544.031137724551,1.01773806309559,0.991714551016481
546.188023952096,1.06558431763211,0.991714551016481
