birth_size_bin_avg,growth_rate_bin_avg,growth_rate_avg
726.895604395604,1.31858520715967,1.41119699426532
729.774725274725,1.37633726577714,1.41119699426532
744.89010989011,1.4117496694372,1.41119699426532
737.71978021978,1.44664839181596,1.41119699426532
741.67032967033,1.50020564657728,1.41119699426532
