birth_size_bin_avg,growth_rate_bin_avg,growth_rate_avg
424.702702702703,0.603312242950907,0.654693474564751
437.77027027027,0.634383166719072,0.654693474564751
437.297297297297,0.653858166221354,0.654693474564751
440.27027027027,0.674174899654274,0.654693474564751
448.148648648649,0.707738897278145,0.654693474564751
