birth_size_bin_avg,growth_rate_bin_avg,growth_rate_avg
1024.19022284287,1.66587537224833,1.7661577932643
1026.54189367268,1.7270736791524,1.7661577932643
1027.97941702889,1.76499711356381,1.7661577932643
1029.52699486655,1.80350596453068,1.7661577932643
1031.71077631139,1.86933683682629,1.7661577932643
