birth_size_bin_avg,growth_rate_bin_avg,growth_rate_avg
437.127171314741,0.602994875137222,0.655654560550579
441.23604249668,0.634978985379096,0.655654560550579
442.934395750332,0.654971793129328,0.655654560550579
443.908100929615,0.67541122533292,0.655654560550579
445.651899070385,0.709910069311691,0.655654560550579
