birth_size_bin_avg,growth_rate_bin_avg,growth_rate_avg
932.742516092744,0.517777882187876,0.556883734916307
935.818198862571,0.541479806021797,0.556883734916307
936.928348228236,0.55630948911735,0.556883734916307
933.510561839885,0.57155359972921,0.556883734916307
926.668614461596,0.597289725894823,0.556883734916307
