birth_size_bin_avg,growth_rate_bin_avg,growth_rate_avg
787.56446991404,0.615375484774968,0.661907285889012
790.062879524723,0.643564700891395,0.661907285889012
790.752425015115,0.661295236138397,0.661907285889012
790.821008911438,0.679303028398838,0.661907285889012
785.810546515602,0.709985289866513,0.661907285889012
