predictions,real,nutrient_type,cm_type,useless_type
1.21027288514655,1.36,6,0,0
1.34852713931622,1.67,5,0,0
1.9950630430963,1.7,4,0,0
2.82958263811578,2.32,3,0,0
3.83334392148709,3.33,2,0,0
5.87384249226353,6.6,1,0,0
5.38134302983279,8.70320312500001,7,0,0
4.61359904117487,3.6348671875,8,0,0
2.9846157987206,2.66215625,9,0,0
1.85263764169335,1.56145703125,10,0,0
1.04711141269757,1.15189453125,11,0,0
