growth_rate_per_hr,real,prediction,nutrient_type,cm_type,useless_type
0.42,1.36,1.21027288514655,6,0,0
0.47,1.67,1.34852713931622,5,0,0
0.7,1.7,1.9950630430963,4,0,0
0.98,2.32,2.82958263811578,3,0,0
1.29,3.33,3.83334392148709,2,0,0
1.83,6.6,5.87384249226353,1,0,0
1.71,8.70320312500001,5.38134302983279,7,0,0
1.51,3.6348671875,4.61359904117487,8,0,0
1.03,2.66215625,2.9846157987206,9,0,0
0.65,1.56145703125,1.85263764169335,10,0,0
0.36,1.15189453125,1.04711141269757,11,0,0
