predictions,real,nutrient_type,cm_type,useless_type
1.20536475860556,1.36,6,0,0
1.34884309046329,1.67,5,0,0
2.02522419925673,1.7,4,0,0
2.88161908334163,2.32,3,0,0
3.86980337661819,3.33,2,0,0
5.68606450961599,6.6,1,0,0
5.27209232645673,8.70320312500001,7,0,0
4.59526856731699,3.6348671875,8,0,0
3.03830885975953,2.66215625,9,0,0
1.87595966877892,1.56145703125,10,0,0
1.03439118721633,1.15189453125,11,0,0
