sigma,a_sat,q
6.68994023025404,0.02,0.454510349612541
