sigma,a_sat,q
5.40468419245225,0.001,0.455903218090881
