sigma,a_sat,q
9.56641798105727,0.1,0.452219562530518
