exponent,exponent_CI_95_low,exponent_CI_95_high
-0.637920594511928,-0.822657363951444,-0.453183825072412
