exponent,exponent_CI_95_low,exponent_CI_95_high
-0.662688482682053,-1.0458510276306,-0.279525937733506
0.878430905209259,0.441528607844626,1.31533320257389
