predictions,real,nutrient_type,cm_type,useless_type
1.37042696213718,1.36,6,0,0
1.42960250146699,1.67,5,0,0
1.74792504978568,1.7,4,0,0
2.29018873980251,2.32,3,0,0
3.2618165301623,3.33,2,0,0
8.0190603955599,6.6,1,0,0
6.24243490418004,8.70320312500001,7,0,0
4.43110179353365,3.6348671875,8,0,0
2.4134972151157,2.66215625,9,0,0
1.67115122620674,1.56145703125,10,0,0
1.30301023005953,1.15189453125,11,0,0
