Row,fE,fR,fRA,active_rib_frac
data_nut_cm_fX-false,0.406736304110839,0.379025644555617,0.260776531044803,0.0135714752923124
data_nut_useless_fX-false,0.814430001800522,0.15783495805597,0.15783495805597,0
data_nut_only_fX-false,0.882860440874983,0.899627309783911,0.899627309783911,0
data_fX-false,0.430469278222335,0.0586111123425144,0.198374717800222,0.0415270463147498
