Row,fE,fR,fRA,active_rib_frac
data_nut_cm_fX-false,0.406740920903912,0.37902857362993,0.260778556089908,0.0135696914964176
data_nut_useless_fX-false,0.814430001800522,0.15783495805597,0.15783495805597,0
data_nut_only_fX-false,0.882860440874983,0.899627309783911,0.899627309783911,0
data_fX-false,0.43047385982656,0.058612437930379,0.198372453041824,0.0415241839196451
