Row,fE_and_fR,fE_and_fRA,fE_and_active_rib_frac,fR_and_fRA,fR_and_active_rib_frac,fRA_and_active_rib_frac
data_nut_cm_fX-false,0.422966470082416,0.90395374073557,0.875592010309021,0.718632592880644,0.718632592880644,0.718632592880644
data_nut_useless_fX-false,0.923896503643499,0.923896503643499,0.814430001800522,0.15783495805597,0.15783495805597,0.15783495805597
data_nut_only_fX-false,0.947337610993722,0.947337610993722,0.882860440874983,0.899627309783911,0.899627309783911,0.899627309783911
data_fX-false,0.447936177700752,0.870244431078589,0.858547670694567,0.276778103050849,0.276778103050849,0.276778103050849
