Row,fE_and_fR,fE_and_fRA,fE_and_active_rib_frac,fR_and_fRA,fR_and_active_rib_frac,fRA_and_active_rib_frac
data_nut_cm_fX-false,0.422970482280665,0.903935189467611,0.875572258349055,0.718623740139463,0.718623740139463,0.718623740139463
data_nut_useless_fX-false,0.923896503643499,0.923896503643499,0.814430001800522,0.15783495805597,0.15783495805597,0.15783495805597
data_nut_only_fX-false,0.947337610993722,0.947337610993722,0.882860440874983,0.899627309783911,0.899627309783911,0.899627309783911
data_fX-false,0.447940721973365,0.87022450506075,0.858534777482481,0.276771356552362,0.276771356552362,0.276771356552362
