Row,fE_and_fR,fE_and_fRA,fE_and_active_rib_frac,fR_and_fRA,fR_and_active_rib_frac,fRA_and_active_rib_frac
data_nut_cm_fX-false,0.422955222244009,0.903917293518108,0.875568289326747,0.718608570473231,0.71860857047323,0.718608570473231
data_nut_useless_fX-false,0.923896322748157,0.923896322748157,0.814389547557467,0.157804766240958,0.157804766240958,0.157804766240958
data_nut_only_fX-false,0.947339083004929,0.947339083004929,0.882857767743584,0.899628915053925,0.899628915053925,0.899628915053925
data_fX-false,0.447929660166486,0.87022240097544,0.858509054590648,0.276730884394204,0.276730884394204,0.276730884394205
