predictions,real,nutrient_type,cm_type,useless_type
1.20403842445462,1.36,6,0,0
1.34963079035598,1.67,5,0,0
2.034852275174,1.7,4,0,0
2.89617919641856,2.32,3,0,0
3.87761516166511,3.33,2,0,0
5.63576103754713,6.6,1,0,0
5.24093615486355,8.70320312500001,7,0,0
4.58761210881242,3.6348671875,8,0,0
3.05280724159371,2.66215625,9,0,0
1.88388877569859,1.56145703125,10,0,0
1.03048885943671,1.15189453125,11,0,0
