exponent,exponent_CI_95_low,exponent_CI_95_high
0.326922397381541,-0.0029442843147377,0.656789079077819
