growth_rate_per_hr,real,prediction,nutrient_type,cm_type,useless_type
0.42,1.36,1.34289008629016,6,0,0
0.47,1.67,1.41020379470031,5,0,0
0.7,1.7,1.76399404098663,4,0,0
0.98,2.32,2.34645105785949,3,0,0
1.29,3.33,3.34588037113855,2,0,0
1.83,6.6,7.76839756000267,1,0,0
1.71,8.70320312500001,6.18641175596031,7,0,0
1.51,3.6348671875,4.49440769063459,8,0,0
1.03,2.66215625,2.47599393540824,9,0,0
0.65,1.56145703125,1.67974810742517,10,0,0
0.36,1.15189453125,1.26574604846464,11,0,0
