Row,e,r,ra,ra_over_r,fE,fR,fQ,a
data_nut_cm_fX-true,0.446861134451925,0.300112787082249,0.343027102816631,0.00805515224614406,0.420348349587586,0.332464098775374,0.409973391002039,0.356069105107657
data_nut_cm_fX-false,0.426608199637786,0.287591972423589,0.365493422869852,0.0123247448373728,0.400046774285355,0.320253172442973,0.434244122376861,0.378999539232693
data_nut_useless_fX-true,0.840106386598445,0.0968715246333615,0.0968715246333615,0,0.822320197877791,0.104361690614211,0.364797002290748,0.317081894350755
data_nut_useless_fX-false,0.829186046835913,0.11163569566701,0.11163569566701,3.33066907387547e-16,0.810167469964028,0.119613170225947,0.388591068972791,0.339586867681745
data_nut_only_fX-true,0.889076033545316,0.881007195773651,0.881007195773651,-4.44089209850063e-16,0.882765657274089,0.886369831402176,0.955513926781156,0.904844622503989
data_nut_only_fX-false,0.891177909984925,0.884294594553491,0.884294594553491,-2.22044604925031e-16,0.884835529335791,0.889636937715114,0.958174247962478,0.908033917126877
data_fX-true,0.467594774764489,0.0276383050016846,0.188104733257618,0.0333785706676565,0.443116184905108,0.0345431308047485,0.316037426089352,0.283614409229347
data_fX-false,0.44826811280288,0.0267832611267124,0.207358045812895,0.0400435075364269,0.423571186026549,0.0338551756663764,0.339775515065199,0.305949534746373
