Row,alpha,k,e,r,ra,a,ptot,ra_over_r,e_over_r,e_over_ra
data_nut_cm_fX-true,0.357147728875651,0.893488632800938,0.407508099848347,0.345349794697128,0.358302671843163,0.378394855278193,0.43132714060885,0.0133242630051205,0.41041426462983,0.894139475386713
data_nut_cm_fX-false,0.362726256342024,0.894370353372164,0.402477131792666,0.342411205642526,0.363892233997578,0.384161867676808,0.437418218384662,0.0145670175752971,0.4059729753164,0.894680099993288
data_nut_useless_fX-true,0.136107805305372,0.748111382211713,0.814576604115901,0.129155340512309,0.129155340512309,0.349408147130516,0.394589679361389,0,0.758381554509711,0.758381554509711
data_nut_useless_fX-false,0.140264672856244,0.753103890400984,0.811547867791169,0.133224968857568,0.133224968857568,0.355138822634402,0.40061700455747,0,0.763284782077296,0.763284782077296
data_nut_only_fX-true,0.882390796477666,0.944457107683771,0.879891032972935,0.883094276178607,0.883094276178607,0.914208254672797,0.958637668367675,0,0.94481899886708,0.94481899886708
data_nut_only_fX-false,0.883140936112525,0.945180586640539,0.880480348558687,0.883843251067348,0.883843251067348,0.914938917173491,0.959284573942912,0,0.945539603724575,0.945539603724575
data_fX-true,0.219363799476309,0.794287963768658,0.43126426610042,0.0416118934852598,0.215535373253205,0.306853693568114,0.338832229577515,0.0414068448897189,0.258191747933502,0.795688689406917
data_fX-false,0.224370723346809,0.79643267931005,0.42639402677055,0.0414712715335808,0.220511044159591,0.312512934208861,0.344834122888372,0.0431860935386809,0.255723393896606,0.797513296862208
