Row,e,r,ra,ra_over_r,fE,fR,fQ,a
data_nut_cm_fX-true,0.490941729880758,0.239069238424353,0.322312865406868,0.00391633688731119,0.444165627603695,0.30000637600564,0.385612190578097,0.331090579291483
data_nut_cm_fX-false,0.453369520562288,0.215245827702957,0.363945024161503,0.0104827846253297,0.406213045977386,0.276365376293878,0.430430996813604,0.373319744643004
data_nut_useless_fX-true,0.864723735914235,0.061758475764256,0.061758475764256,0,0.836940782762028,0.0756308096718604,0.331764299144639,0.282211347390133
data_nut_useless_fX-false,0.847098406259903,0.0850858806236029,0.0850858806236029,3.33066907387547e-16,0.81518491573178,0.101064781808818,0.375138446934085,0.322962515964394
data_nut_only_fX-true,0.898413815187552,0.874687741916659,0.874687741916659,3.33066907387547e-16,0.888308186842814,0.885276850540125,0.950772223644681,0.893314361217844
data_nut_only_fX-false,0.901923090143988,0.881426460803348,0.881426460803348,-2.22044604925031e-16,0.891667215386652,0.891899190653341,0.955971025196485,0.899847634652113
data_fX-true,0.507714025024732,0.0142072689514026,0.154779421060551,0.0258537034987008,0.46497957212568,0.0244791584045762,0.290654654541464,0.258165831797253
data_fX-false,0.47245290042377,0.0124019269200846,0.188520158071838,0.0373459158578099,0.428777303745475,0.0228826403112716,0.33408667105547,0.298925899252528
