Row,e,r,ra,ra_over_r
data_nut_cm_fX-true,0.371345558656871,0.362320375719813,0.234725425898546,0.00545307599694456
data_nut_cm_fX-false,0.37144907630855,0.362430774426943,0.234651214088342,0.00543714881934965
data_nut_useless_fX-true,0.77020514324547,0.0797909548836927,0.0797909548836927,0
data_nut_useless_fX-false,0.770122636252779,0.0798517761818238,0.0798517761818238,0
data_nut_only_fX-true,0.958058298706712,0.887620420587802,0.887620420587802,0
data_nut_only_fX-false,0.958067213381459,0.887635419343881,0.887635419343881,0
data_fX-true,0.400310910028575,0.0413335808848038,0.167123500460688,0.0330984170376861
data_fX-false,0.400413266991349,0.0413962041310636,0.167082566517213,0.0330509982983532
