Row,e,r,ra,ra_over_r
data_nut_cm_fX-true,0.401120697945298,0.37263389776544,0.283307167849625,0.0142999156387519
data_nut_cm_fX-false,0.401219351401711,0.372738300659393,0.283233007980678,0.0142758031433249
data_nut_useless_fX-true,0.810488780516231,0.156852132718772,0.156852132718772,0
data_nut_useless_fX-false,0.810427245084205,0.156931767294227,0.156931767294227,0
data_nut_only_fX-true,0.880922331706156,0.898464412274739,0.898464412274739,0
data_nut_only_fX-false,0.880930337029537,0.898475283942802,0.898475283942802,0
data_fX-true,0.425338991595213,0.0559333041290007,0.207865822905815,0.0426599571329143
data_fX-false,0.425437463371094,0.056002456840593,0.207825589488156,0.0426093196407891
