Row,e,r,ra,ra_over_r
data_nut_cm_fX-true,0.243401166914418,0.262027032649016,0.256552396655402,0.0149583711379712
data_nut_cm_fX-false,0.243486567923289,0.262117683209207,0.256475879615116,0.0149338237209963
data_nut_useless_fX-true,0.623977169911572,0.150363536499767,0.150363536499767,0
data_nut_useless_fX-false,0.623912157730504,0.150414973580384,0.150414973580384,0
data_nut_only_fX-true,0.945594908054188,0.899670018981396,0.899670018981396,0
data_nut_only_fX-false,0.945600340482638,0.899677563174681,0.899677563174681,0
data_fX-true,0.286314287525666,0.0294064801773569,0.196323290407034,0.0442000734222653
data_fX-false,0.28639471872742,0.0294501477378697,0.196271177610868,0.0441516277935874
