Row,alpha,k,e,r,ra,a,ptot,ra_over_r,e_over_r,e_over_ra
data_nut_cm_fX-true,0.403133829209196,0.87329473151679,0.351212410576464,0.327543694044281,0.247715043941538,0.333297585336547,0.355212255402074,0.0256815677395893,0.365601447085628,0.890253378745437
data_nut_cm_fX-false,0.362721376943569,0.892796724248591,0.406826209399602,0.383504718064023,0.206933524539102,0.390175147903334,0.41533876163317,0.0108520520739005,0.425025639391818,0.895235761965493
data_nut_useless_fX-true,0.103274713854783,0.710797594815591,0.847443177964402,0.108277760357996,0.108277760357996,0.118400492324143,0.228105406691192,0,0.831033303170903,0.831033303170903
data_nut_useless_fX-false,0.140275040773342,0.756978256433218,0.816688847374571,0.146069365738209,0.146069365738209,0.157765254246199,0.279255700688923,0,0.864203342132916,0.864203342132916
data_nut_only_fX-true,0.877502205042011,0.940637133834297,0.905140181824737,0.88101931769592,0.88101931769592,0.893982950147731,0.957345298271867,0,0.943889700726664,0.943889700726664
data_nut_only_fX-false,0.883141519124911,0.946315260603284,0.910196511610333,0.886629790447582,0.886629790447582,0.899576668524462,0.962434911033618,0,0.949492906743236,0.949492906743236
data_fX-true,0.234299465737941,0.749533287818657,0.376267839173293,0.0266240282805353,0.193603312652793,0.0306730539259252,0.069330703359324,0.0670492367039365,0.245382685606271,0.846872698226413
data_fX-false,0.224375740333801,0.796593493674385,0.43174956848402,0.0581716126495324,0.166018593087087,0.064265670972695,0.116874181673915,0.0372483745554987,0.313932050239991,0.86632590446068
