Row,e_and_r_and_ra,e_and_r_and_ra_over_r,e_and_ra_and_ra_over_r,r_and_ra_and_ra_over_r
data_fX-true,0.893515458997186,0.893515458997186,0.893515458997186,0.269633507774482
data_fX-false,0.893522699225508,0.893522699225508,0.893522699225508,0.26964505534627
