Row,e_and_r,e_and_ra,e_and_ra_over_r,r_and_ra,r_and_ra_over_r,ra_and_ra_over_r
data_nut_cm_fX-true,0.417370427472485,0.9028256468341,0.874256437092098,0.714710886241356,0.714710886241356,0.714710886241356
data_nut_cm_fX-false,0.417478327533386,0.902850302579123,0.874263868691307,0.714741835698671,0.714741835698671,0.714741835698671
data_nut_useless_fX-true,0.923901994656416,0.923901994656416,0.810488780516231,0.156852132718772,0.156852132718772,0.156852132718772
data_nut_useless_fX-false,0.923909866032474,0.923909866032474,0.810427245084205,0.156931767294227,0.156931767294227,0.156931767294227
data_nut_only_fX-true,0.947317441208912,0.947317441208912,0.880922331706156,0.898464412274739,0.898464412274739,0.898464412274739
data_nut_only_fX-false,0.947327593195055,0.947327593195055,0.880930337029537,0.898475283942802,0.898475283942802,0.898475283942802
data_fX-true,0.442762577013437,0.860658720625616,0.856630196156171,0.273975398562566,0.273975398562566,0.273975398562566
data_fX-false,0.44282801622284,0.860725020741269,0.856600821060907,0.274009404202786,0.274009404202786,0.274009404202786
