growth_rate_per_hr,real,prediction,nutrient_type,cm_type,useless_type
0.42,1.36,1.34119104097183,6,0,0
0.47,1.67,1.41250220651646,5,0,0
0.7,1.7,1.7413772311118,4,0,0
0.98,2.32,2.33347616322131,3,0,0
1.29,3.33,3.38416025772242,2,0,0
1.83,6.6,7.60640258577313,1,0,0
1.71,8.70320312500001,6.23647340294412,7,0,0
1.51,3.6348671875,4.59357471091476,8,0,0
1.03,2.66215625,2.46357534551225,9,0,0
0.65,1.56145703125,1.66637687665045,10,0,0
0.36,1.15189453125,1.27964422561351,11,0,0
