predictions,real,nutrient_type,cm_type,useless_type
1.34168490420938,1.36,6,0,0
1.4117203386962,1.67,5,0,0
1.77077079653349,1.7,4,0,0
2.34878061190569,2.32,3,0,0
3.33517608116739,3.33,2,0,0
7.79812185337933,6.6,1,0,0
6.17937945085426,8.70320312500001,7,0,0
4.47578942260988,3.6348671875,8,0,0
2.4766859273426,2.66215625,9,0,0
1.68617935081364,1.56145703125,10,0,0
1.26015048384261,1.15189453125,11,0,0
