growth_rate_per_hr,real,prediction,nutrient_type,cm_type,useless_type
0.42,1.36,1.34168490420938,6,0,0
0.47,1.67,1.4117203386962,5,0,0
0.7,1.7,1.77077079653349,4,0,0
0.98,2.32,2.34878061190569,3,0,0
1.29,3.33,3.33517608116739,2,0,0
1.83,6.6,7.79812185337933,1,0,0
1.71,8.70320312500001,6.17937945085426,7,0,0
1.51,3.6348671875,4.47578942260988,8,0,0
1.03,2.66215625,2.4766859273426,9,0,0
0.65,1.56145703125,1.68617935081364,10,0,0
0.36,1.15189453125,1.26015048384261,11,0,0
