growth_rate_per_hr,real,prediction,nutrient_type,cm_type,useless_type
0.42,1.36,1.34538696376999,6,0,0
0.47,1.67,1.39623317603136,5,0,0
0.7,1.7,1.72048812229158,4,0,0
0.98,2.32,2.34465802361571,3,0,0
1.29,3.33,3.4477020247257,2,0,0
1.83,6.6,7.46700490994337,1,0,0
1.71,8.70320312500001,6.21534747497607,7,0,0
1.51,3.6348671875,4.6500775273184,8,0,0
1.03,2.66215625,2.4872354424476,9,0,0
0.65,1.56145703125,1.63764217588498,10,0,0
0.36,1.15189453125,1.29852519963513,11,0,0
