growth_rate_per_hr,real,prediction,nutrient_type,cm_type,useless_type
0.42,1.36,1.26150394204274,6,0,0
0.47,1.67,1.35677382904839,5,0,0
0.7,1.7,1.8402575496074,4,0,0
0.98,2.32,2.57521533154152,3,0,0
1.29,3.33,3.66035172096988,2,0,0
1.83,6.6,6.73135330125378,1,0,0
1.71,8.70320312500001,5.86760561010918,7,0,0
1.51,3.6348671875,4.68328289810749,8,0,0
1.03,2.66215625,2.72750212355798,9,0,0
0.65,1.56145703125,1.72790214925273,10,0,0
0.36,1.15189453125,1.15216701159365,11,0,0
