exponent,exponent_CI_95_low,exponent_CI_95_high
0.44970572594406,0.222106812715797,0.677304639172323
