predictions,real,nutrient_type,cm_type,useless_type
1.34538696377022,1.36,6,0,0
1.39623317603147,1.67,5,0,0
1.7204881222914,1.7,4,0,0
2.3446580236159,2.32,3,0,0
3.44770202472606,3.33,2,0,0
7.46700490994387,6.6,1,0,0
6.21534747497583,8.70320312500001,7,0,0
4.65007752731799,3.6348671875,8,0,0
2.48723544244763,2.66215625,9,0,0
1.63764217588467,1.56145703125,10,0,0
1.298525199635,1.15189453125,11,0,0
