predictions,real,nutrient_type,cm_type,useless_type
1.37255829459049,1.36,6,0,0
1.43116988542171,1.67,5,0,0
1.74705685779963,1.7,4,0,0
2.28653961128426,2.32,3,0,0
3.25600594754861,3.33,2,0,0
8.03331412020694,6.6,1,0,0
6.24448161387051,8.70320312500001,7,0,0
4.42613083627042,3.6348671875,8,0,0
2.40940312782414,2.66215625,9,0,0
1.67079490279028,1.56145703125,10,0,0
1.3058204695185,1.15189453125,11,0,0
