predictions,real,nutrient_type,cm_type,useless_type
1.34167815199677,1.36,6,0,0
1.412180277761,1.67,5,0,0
1.77254648151212,1.7,4,0,0
2.34905806105003,2.32,3,0,0
3.3314444072863,3.33,2,0,0
7.80957323813681,6.6,1,0,0
6.17736853451194,8.70320312500001,7,0,0
4.46942939567799,3.6348671875,8,0,0
2.47653809402925,2.66215625,9,0,0
1.68777621186646,1.56145703125,10,0,0
1.2589810834724,1.15189453125,11,0,0
