growth_rate_per_hr,real,prediction,nutrient_type,cm_type,useless_type
0.42,1.36,1.34167815199677,6,0,0
0.47,1.67,1.412180277761,5,0,0
0.7,1.7,1.77254648151212,4,0,0
0.98,2.32,2.34905806105003,3,0,0
1.29,3.33,3.3314444072863,2,0,0
1.83,6.6,7.80957323813681,1,0,0
1.71,8.70320312500001,6.17736853451194,7,0,0
1.51,3.6348671875,4.46942939567799,8,0,0
1.03,2.66215625,2.47653809402925,9,0,0
0.65,1.56145703125,1.68777621186646,10,0,0
0.36,1.15189453125,1.2589810834724,11,0,0
