exponent,exponent_CI_95_low,exponent_CI_95_high
-1.03876128313912,-1.14848867519622,-0.929033891082009
0.601859744225294,0.514028414944381,0.689691073506206
