growth_rate_per_hr,real,prediction,nutrient_type,cm_type,useless_type
0.42,1.36,2.48816940470869,6,0,0
0.47,1.67,2.49462999327334,5,0,0
0.7,1.7,2.52185963372325,4,0,0
0.98,2.32,2.55222402909625,3,0,0
1.29,3.33,2.58438947097142,2,0,0
1.83,6.6,2.64108092076947,1,0,0
1.71,8.70320312500001,2.62819393823957,7,0,0
1.51,3.6348671875,2.6071742063595,8,0,0
1.03,2.66215625,2.55745212604111,9,0,0
0.65,1.56145703125,2.51620734628929,10,0,0
0.36,1.15189453125,2.48014778092125,11,0,0
