predictions,real,nutrient_type,cm_type,useless_type
2.48816940470869,1.36,6,0,0
2.49462999327334,1.67,5,0,0
2.52185963372325,1.7,4,0,0
2.55222402909625,2.32,3,0,0
2.58438947097142,3.33,2,0,0
2.64108092076947,6.6,1,0,0
2.62819393823957,8.70320312500001,7,0,0
2.6071742063595,3.6348671875,8,0,0
2.55745212604111,2.66215625,9,0,0
2.51620734628929,1.56145703125,10,0,0
2.48014778092125,1.15189453125,11,0,0
