predictions,real,nutrient_type,cm_type,useless_type
1.20784616625016,1.36,6,0,0
1.34767599875698,1.67,5,0,0
2.00071381867132,1.7,4,0,0
2.83963725552342,2.32,3,0,0
3.84088711961013,3.33,2,0,0
5.84744048891715,6.6,1,0,0
5.3667158649643,8.70320312500001,7,0,0
4.61278347986999,3.6348671875,8,0,0
2.99486798419319,2.66215625,9,0,0
1.85703764818672,1.56145703125,10,0,0
1.0428264622138,1.15189453125,11,0,0
