growth_rate_per_hr,real,prediction,nutrient_type,cm_type,useless_type
0.42,1.36,1.20784616625016,6,0,0
0.47,1.67,1.34767599875698,5,0,0
0.7,1.7,2.00071381867132,4,0,0
0.98,2.32,2.83963725552342,3,0,0
1.29,3.33,3.84088711961013,2,0,0
1.83,6.6,5.84744048891715,1,0,0
1.71,8.70320312500001,5.3667158649643,7,0,0
1.51,3.6348671875,4.61278347986999,8,0,0
1.03,2.66215625,2.99486798419319,9,0,0
0.65,1.56145703125,1.85703764818672,10,0,0
0.36,1.15189453125,1.0428264622138,11,0,0
