growth_rate_per_hr,real,prediction,nutrient_type,cm_type,useless_type
0.42,1.36,1.37042696213718,6,0,0
0.47,1.67,1.42960250146699,5,0,0
0.7,1.7,1.74792504978568,4,0,0
0.98,2.32,2.29018873980251,3,0,0
1.29,3.33,3.2618165301623,2,0,0
1.83,6.6,8.0190603955599,1,0,0
1.71,8.70320312500001,6.24243490418004,7,0,0
1.51,3.6348671875,4.43110179353365,8,0,0
1.03,2.66215625,2.4134972151157,9,0,0
0.65,1.56145703125,1.67115122620674,10,0,0
0.36,1.15189453125,1.30301023005953,11,0,0
