predictions,real,nutrient_type,cm_type,useless_type
1.34150279771928,1.36,6,0,0
1.41208670226073,1.67,5,0,0
1.77215045213978,1.7,4,0,0
2.34912840474718,2.32,3,0,0
3.33273724081264,3.33,2,0,0
7.80491497953538,6.6,1,0,0
6.17803176803221,8.70320312500001,7,0,0
4.47175182628648,3.6348671875,8,0,0
2.47667602299342,2.66215625,9,0,0
1.68750535421008,1.56145703125,10,0,0
1.25907814379953,1.15189453125,11,0,0
