growth_rate_per_hr,real,prediction,nutrient_type,cm_type,useless_type
0.42,1.36,1.34150279771928,6,0,0
0.47,1.67,1.41208670226073,5,0,0
0.7,1.7,1.77215045213978,4,0,0
0.98,2.32,2.34912840474718,3,0,0
1.29,3.33,3.33273724081264,2,0,0
1.83,6.6,7.80491497953538,1,0,0
1.71,8.70320312500001,6.17803176803221,7,0,0
1.51,3.6348671875,4.47175182628648,8,0,0
1.03,2.66215625,2.47667602299342,9,0,0
0.65,1.56145703125,1.68750535421008,10,0,0
0.36,1.15189453125,1.25907814379953,11,0,0
