growth_rate_per_hr,newborn_size
1.019903492,0.713730562
1.128656341,0.740497681
1.264625365,0.768268651
1.455008096,0.801987175
1.618100087,0.85798825
1.824812523,0.895644474
