growth_rate_per_hr,newborn_size
1.431389676,1.472287673
1.670780161,1.527503046
1.969934383,1.644223699
2.192995164,1.705887209
2.454046742,1.836238679
2.590053048,1.88186618
