growth_rate_per_hr,newborn_size
0.852113914,0.521944487
0.933613307,0.548205676
1.036941562,0.565285747
1.172873304,0.593727613
1.286957541,0.639095951
1.499150493,0.659007829
