growth_rate_per_hr,newborn_size
0.597269861,0.377037488
0.662588679,0.377037488
0.749494024,0.400897685
0.879852042,0.439548773
0.983105733,0.464505848
1.048312704,0.481926264
