exponent,exponent_CI_95_low,exponent_CI_95_high
-0.957823219995874,-1.05181248906901,-0.863833950922738
0.407678896512463,0.26390229831374,0.551455494711186
0.310080696332115,0.184673767914926,0.435487624749304
