predictions,real,nutrient_type,cm_type,useless_type
1.20263785233429,1.36,6,0,0
1.34788355495857,1.67,5,0,0
2.03204179688871,1.7,4,0,0
2.89389130427759,2.32,3,0,0
3.87902526465725,3.33,2,0,0
5.65422484040747,6.6,1,0,0
5.25423940047063,8.70320312500001,7,0,0
4.59414585309512,3.6348671875,8,0,0
3.05086587071067,2.66215625,9,0,0
1.88121960219228,1.56145703125,10,0,0
1.02955462612261,1.15189453125,11,0,0
