growth_rate_per_hr,real,prediction,nutrient_type,cm_type,useless_type
0.42,1.36,1.34522945430675,6,0,0
0.47,1.67,1.39412659761755,5,0,0
0.7,1.7,1.71892545832807,4,0,0
0.98,2.32,2.34737243851406,3,0,0
1.29,3.33,3.4562773797965,2,0,0
1.83,6.6,7.44688053721257,1,0,0
1.71,8.70320312500001,6.21087680159427,7,0,0
1.51,3.6348671875,4.6567607511051,8,0,0
1.03,2.66215625,2.49141822901791,9,0,0
0.65,1.56145703125,1.63503277901878,10,0,0
0.36,1.15189453125,1.29955263430137,11,0,0
