predictions,real,nutrient_type,cm_type,useless_type
1.37754943227665,1.36,6,0,0
1.43468252721897,1.67,5,0,0
1.74425929538606,1.7,4,0,0
2.27673722055749,2.32,3,0,0
3.24131290898042,3.33,2,0,0
8.07818491536741,6.6,1,0,0
6.25417997328785,8.70320312500001,7,0,0
4.41489057537734,3.6348671875,8,0,0
2.39851680849152,2.66215625,9,0,0
1.66931235738346,1.56145703125,10,0,0
1.31259885327602,1.15189453125,11,0,0
