exponent,exponent_CI_95_low,exponent_CI_95_high
0,0,0
0.852658188936328,0.473119790591207,1.23219658728145
-0.379420915266376,-0.671971118785039,-0.086870711747713
