growth_rate_per_hr,real,prediction,nutrient_type,cm_type,useless_type
0.42,1.36,1.34105933552122,6,0,0
0.47,1.67,1.41282718840223,5,0,0
0.7,1.7,1.74190116020778,4,0,0
0.98,2.32,2.33339322525062,3,0,0
1.29,3.33,3.38297455039638,2,0,0
1.83,6.6,7.60867651706493,1,0,0
1.71,8.70320312500001,6.23659211447547,7,0,0
1.51,3.6348671875,4.59239142622577,8,0,0
1.03,2.66215625,2.46323897035951,9,0,0
0.65,1.56145703125,1.66704845571166,10,0,0
0.36,1.15189453125,1.27916650446166,11,0,0
