growth_rate_per_hr,real,prediction,nutrient_type,cm_type,useless_type
0.42,1.36,1.34199796475892,6,0,0
0.47,1.67,1.41147125521434,5,0,0
0.7,1.7,1.76976566775042,4,0,0
0.98,2.32,2.3483576250995,3,0,0
1.29,3.33,3.33643800106956,2,0,0
1.83,6.6,7.79531168775403,1,0,0
1.71,8.70320312500001,6.18021154322225,7,0,0
1.51,3.6348671875,4.47783571270668,8,0,0
1.03,2.66215625,2.47653617177709,9,0,0
0.65,1.56145703125,1.68514721169236,10,0,0
0.36,1.15189453125,1.26110125900573,11,0,0
