scaled_birth_size_bin_avg,scaled_delta_size_bin_avg
0.796670268894386,1.02493349186239
0.865432953252753,1.01429926036346
0.902378824040072,1.00245648764431
0.932154672237085,0.999867125997407
0.957706317068067,1.00250149752709
0.982462787303385,1.00515552854579
1.00715769229675,0.998923470524088
1.03278435359902,0.998353345342292
1.06071945279709,0.986153597690803
1.09342818634402,0.992394968102048
1.1385192938484,0.991216950825324
1.23058519831898,0.981521718604939
