scaled_birth_size_bin_avg,scaled_delta_size_bin_avg
0.796778266535136,1.02271377589651
0.865640094836156,1.01453108691361
0.902622949880379,1.00645680663478
0.932051266946976,1.00406747879716
0.957809175033053,1.00593086955048
0.982995614379125,1.00198758037487
1.00749845941127,0.999637899149025
1.03290388433956,0.99648351559986
1.0610895279184,0.989430755052481
1.0937366542783,0.990036914577787
1.1380219196284,0.986383541250764
1.22845893847348,0.980499736272371
