scaled_birth_size_bin_avg,scaled_delta_size_bin_avg
0.806625048513234,1.07614673630333
0.873158854715249,1.04075592402813
0.908098774970125,1.0347312092933
0.93608524399999,1.0277679316544
0.960638925525184,1.01149033666415
0.984205192831524,1.00142612355546
1.00744185414044,0.991523063634604
1.03174313720594,0.986666288379569
1.05793558381372,0.975179491293928
1.08872959967001,0.972161097700837
1.13057580436321,0.955725718578938
1.21416573829045,0.929811219106975
