scaled_birth_size_bin_avg,scaled_delta_size_bin_avg
0.795102419023378,1.06688475838359
0.864279823359855,1.04774733958059
0.901982605765802,1.02861861022368
0.931486171677952,1.01514055523833
0.957613163668829,1.00602568836421
0.982540287980626,1.00601808509889
1.0076401150332,0.987657285538996
1.03367116105698,0.987761558891915
1.06168629726825,0.9800196244979
1.09516238827843,0.972708179744931
1.13862265283064,0.962241379885389
1.2297532185592,0.936585428283915
