exponent,exponent_CI_95_low,exponent_CI_95_high
0.158597180217226,-0.0332339547628719,0.350428315197323
