exponent,exponent_CI_95_low,exponent_CI_95_high
0.496222054268128,0.263734906347689,0.728709202188567
