X_div,fX_scale
93.6363636363636,0.463963605150464
