predictions,real,nutrient_type,cm_type,useless_type
1.26150394204273,1.36,6,0,0
1.35677382904838,1.67,5,0,0
1.84025754960739,1.7,4,0,0
2.57521533154151,2.32,3,0,0
3.66035172096987,3.33,2,0,0
6.73135330125375,6.6,1,0,0
5.86760561010916,8.70320312500001,7,0,0
4.68328289810746,3.6348671875,8,0,0
2.72750212355797,2.66215625,9,0,0
1.72790214925272,1.56145703125,10,0,0
1.15216701159365,1.15189453125,11,0,0
