pfitlog_1,pfitlog_2
1.18428912947117,-0.242680870677446
