growth_rate_per_hr,real,prediction,nutrient_type,cm_type,useless_type
0.42,1.36,1.34289008629019,6,0,0
0.47,1.67,1.41020379470032,5,0,0
0.7,1.7,1.76399404098662,4,0,0
0.98,2.32,2.34645105785939,3,0,0
1.29,3.33,3.34588037113836,2,0,0
1.83,6.6,7.76839756000325,1,0,0
1.71,8.70320312500001,6.18641175596023,7,0,0
1.51,3.6348671875,4.49440769063437,8,0,0
1.03,2.66215625,2.47599393540816,9,0,0
0.65,1.56145703125,1.67974810742515,10,0,0
0.36,1.15189453125,1.26574604846469,11,0,0
