delta,q,cost_best
0.000921000601665472,0.522934062575226,0.00402434530758165
