growth_rate_per_hr,real,prediction,nutrient_type,cm_type,useless_type
0.42,1.36,1.37754943227665,6,0,0
0.47,1.67,1.43468252721897,5,0,0
0.7,1.7,1.74425929538606,4,0,0
0.98,2.32,2.27673722055749,3,0,0
1.29,3.33,3.24131290898042,2,0,0
1.83,6.6,8.07818491536741,1,0,0
1.71,8.70320312500001,6.25417997328785,7,0,0
1.51,3.6348671875,4.41489057537734,8,0,0
1.03,2.66215625,2.39851680849152,9,0,0
0.65,1.56145703125,1.66931235738346,10,0,0
0.36,1.15189453125,1.31259885327602,11,0,0
