growth_rate_per_hr,real,prediction,nutrient_type,cm_type,useless_type
0.42,1.36,1.33976141030716,6,0,0
0.47,1.67,1.41702857632072,5,0,0
0.7,1.7,1.74783815587775,4,0,0
0.98,2.32,2.33126562156233,3,0,0
1.29,3.33,3.36726290766043,2,0,0
1.83,6.6,7.64178858204991,1,0,0
1.71,8.70320312500001,6.24031406247998,7,0,0
1.51,3.6348671875,4.57767744772808,8,0,0
1.03,2.66215625,2.45791430097751,9,0,0
0.65,1.56145703125,1.67497516087219,10,0,0
0.36,1.15189453125,1.27387431673057,11,0,0
