predictions,real,nutrient_type,cm_type,useless_type
1.33976141030716,1.36,6,0,0
1.41702857632072,1.67,5,0,0
1.74783815587775,1.7,4,0,0
2.33126562156233,2.32,3,0,0
3.36726290766043,3.33,2,0,0
7.64178858204991,6.6,1,0,0
6.24031406247998,8.70320312500001,7,0,0
4.57767744772808,3.6348671875,8,0,0
2.45791430097751,2.66215625,9,0,0
1.67497516087219,1.56145703125,10,0,0
1.27387431673057,1.15189453125,11,0,0
