exponent,exponent_CI_95_low,exponent_CI_95_high
0.558394936160352,0.0490663177199122,1.06772355460079
0,0,0
