exponent,exponent_CI_95_low,exponent_CI_95_high
-0.957823219995874,-1.05181248906901,-0.863833950922738
-0.310080696332115,-0.435487624749304,-0.184673767914926
0.717759592844578,0.635244193380277,0.800274992308879
