growth_rate_per_hr,avg_birth_volume_um3,avg_cell_volume_um3,nutrient_type,cm_type,useless_type,model_k,model_ri,model_fU,model_fE,model_fR,model_fQ,model_a,model_e,model_r,model_ra,model_q,model_u,model_ra_over_r,model_growth_rate,model_asat
0.801,0.426,0.62,12,0,0,2.55731415686079,0,0,0.313261168590225,0.163725902837694,0.523012928572081,0.000150791677502336,0.313213931413117,0.163701214334155,0.163701214334155,0.522934062575226,0,1,0.800986420928787,4.80142493759251e-05
0.814,0.469,0.659,13,0,0,2.61664895352243,0,0,0.311122941405496,0.165863100393429,0.523013958201075,0.00015276002599256,0.31107541425688,0.165837763141902,0.165837763141902,0.522934062575226,0,1,0.81397515718182,4.80142493759251e-05
1.093,0.595,0.876,14,0,0,4.11457124052811,0,0,0.265692487613351,0.211271676721294,0.523035835665355,0.000194581485988745,0.265640788774295,0.21123056716449,0.21123056716449,0.522934062575226,0,1,1.09299794980192,4.80142493759251e-05
1.37,0.8,1.179,15,0,0,6.19397122898739,0,0,0.221234959040392,0.25570779682376,0.523057244135847,0.000235503019989649,0.221182857539411,0.255647576865373,0.255647576865373,0.522934062575226,0,1,1.37000025594433,4.80142493759251e-05
1.548,1.046,1.522,16,0,0,8.02764411342777,0,0,0.19288268380124,0.284046414423703,0.523070901775057,0.00026160736406296,0.192832224270757,0.283972105789954,0.283972105789954,0.522934062575226,0,1,1.54798847004633,4.80142493759251e-05
1.838,1.657,2.409,17,0,0,12.5133163384001,0,0,0.146927156293471,0.329979808967528,0.523093034739002,0.000303908011038437,0.146882503953634,0.329879525460102,0.329879525460102,0.522934062575226,0,1,1.83798723654813,4.80142493759251e-05
2.419,2.746,3.992,18,0,0,43.6586144911483,0,0,0.0554289153195234,0.421433970899189,0.523137113781288,0.000388141465617629,0.0554074010590937,0.421270394900063,0.421270394900063,0.522934062575226,0,1,2.41901036279541,4.80142493759251e-05
