growth_rate_per_hr,avg_birth_volume_um3,avg_cell_volume_um3,nutrient_type,cm_type,useless_type,model_k,model_ri,model_fU,model_fE,model_fR,model_fQ,model_a,model_e,model_r,model_ra,model_q,model_u,model_ra_over_r,model_growth_rate,model_asat
0.801,0.426,0.62,12,0,0,2.9403314525774,0,0,0.272441701498438,0.109480989452896,0.618077309048666,0.000107440675962025,0.272412430177868,0.109469226741385,0.109469226741385,0.618010902404785,0,1,0.800982836525033,5.11610799491124e-05
0.814,0.469,0.659,13,0,0,3.00299635984178,0,0,0.271095825394807,0.110826049391584,0.618078125213609,0.000108761022404412,0.271066340735667,0.110813995837143,0.110813995837143,0.618010902404785,0,1,0.814011234504841,5.11610799491124e-05
1.093,0.595,0.876,14,0,0,4.5025533647363,0,0,0.242780461341571,0.139124246088464,0.618095292569965,0.000136532612680879,0.242747313890876,0.139105251091658,0.139105251091658,0.618010902404785,0,1,1.09298273494006,5.11610799491124e-05
1.37,0.8,1.179,15,0,0,6.36324607714176,0,0,0.21533262660524,0.166555438442291,0.61811193495247,0.00016345348143531,0.215297429737755,0.166528214376025,0.166528214376025,0.618010902404785,0,1,1.36999052519747,5.11610799491124e-05
1.548,1.046,1.522,16,0,0,7.82251482497823,0,0,0.19792437450528,0.183953137806704,0.618122487688016,0.00018052293105864,0.197888644617066,0.18391993004709,0.18391993004709,0.618010902404785,0,1,1.54798685621185,5.11610799491124e-05
1.838,1.657,2.409,17,0,0,10.8244970970686,0,0,0.169833265650678,0.21202721211751,0.618139522231813,0.000208075721421712,0.169797927471406,0.211983094402387,0.211983094402387,0.618010902404785,0,1,1.83797717300251,5.11610799491124e-05
2.419,2.746,3.992,18,0,0,21.185666544457,0,0,0.11421151597619,0.267615231621778,0.618173252402032,0.000262628634636404,0.114181520761689,0.267544948198889,0.267544948198889,0.618010902404785,0,1,2.41901162439614,5.11610799491124e-05
