growth_rate_per_hr,avg_birth_volume_um3,avg_cell_volume_um3,nutrient_type,cm_type,useless_type,model_k,model_ri,model_fU,model_fE,model_fR,model_fQ,model_a,model_e,model_r,model_ra,model_q,model_u,model_ra_over_r,model_growth_rate
0.801,0.426,0.62,12,0,0,2.1973579348437,0,0,0.383116804495475,0.188506137520152,0.428377057984373,0.0485017990508982,0.364534950230813,0.179363250718289,0.179363250718289,0.4076,0,1,0.801013765417529
0.814,0.469,0.659,13,0,0,2.24973860136023,0,0,0.38050868084295,0.190843069376249,0.428648249780801,0.0491037809942414,0.36182426591243,0.181471953093329,0.181471953093329,0.4076,0,1,0.814010017932024
1.093,0.595,0.876,14,0,0,3.58086355452106,0,0,0.325339837570024,0.240208751075085,0.434451411354891,0.0618053265637956,0.305232102664797,0.225362570771408,0.225362570771408,0.4076,0,1,1.0929945121022
1.37,0.8,1.179,15,0,0,5.44787547659332,0,0,0.271609580302774,0.28815045788774,0.440239961809486,0.0741412971128928,0.251472093710838,0.266786609176269,0.266786609176269,0.4076,0,1,1.36998865237485
1.548,1.046,1.522,16,0,0,7.10272393729361,0,0,0.237406781742361,0.318597135923675,0.443996082333965,0.0819738817122904,0.217945626298117,0.292480491989593,0.292480491989593,0.4076,0,1,1.54800761693608
1.838,1.657,2.409,17,0,0,11.1521163210579,0,0,0.182035312732823,0.36776429105984,0.450200396207337,0.0946254080765346,0.16481014698114,0.332964444942326,0.332964444942326,0.4076,0,1,1.83798193002433
2.419,2.746,3.992,18,0,0,38.3060423454244,0,0,0.0717363479440663,0.465236791446256,0.463026860609678,0.119705497293821,0.0631491127393793,0.4095453899668,0.4095453899668,0.4076,0,1,2.41899258667064
