Row,fE,fR,fRA,active_rib_frac
data_nut_cm_fX-false,0.406027813223721,0.37863881606678,0.260713879995427,0.0135708682278156
data_nut_useless_fX-false,0.813945910898504,0.157804365090051,0.157804365090051,0
data_nut_only_fX-false,0.883335481310565,0.899632531243407,0.899632531243407,0
data_fX-false,0.429885543954221,0.0585046086948152,0.198336036312498,0.0415276086345275
