Row,fE_and_fR,fE_and_fRA,fE_and_active_rib_frac,fR_and_fRA,fR_and_active_rib_frac,fRA_and_active_rib_frac
data_nut_cm_fX-false,0.422330077761886,0.903923392228573,0.875548625982811,0.718580428584442,0.718580428584443,0.718580428584441
data_nut_useless_fX-false,0.924099336692602,0.924099336692602,0.813945910898504,0.157804365090051,0.157804365090051,0.157804365090051
data_nut_only_fX-false,0.947393475552838,0.947393475552838,0.883335481310565,0.899632531243407,0.899632531243407,0.899632531243407
data_fX-false,0.44731091530723,0.870318016581703,0.858275787721884,0.276736848478228,0.276736848478229,0.276736848478228
